num_projects,num_jobs,time_horizon,budget,num_resources,resource_factor,resource_strength,num_nodes,mitigated_proportion,coverage_factor,scaling_factor,exp_base
8,153,33,45,1,1.75,1.25,20,0.2,0.12,0.5,0.9
Jobs per project
0,1,2,3,4,5,6,7
20,12,27,24,25,7,12,24
Complexity per project
0,1,2,3,4,5,6,7
1.4,1.4,1.4,1.4,1.4,1.4,1.4,1.4
Modes per job
2,3,4,5,6,7,8,9,10,11,12,13,14,15,16,17,18,19,20,21,22,23,24,25,26,27,28,29,30,31,32,33,34,35,36,37,38,39,40,41,42,43,44,45,46,47,48,49,50,51,52,53,54,55,56,57,58,59,60,61,62,63,64,65,66,67,68,69,70,71,72,73,74,75,76,77,78,79,80,81,82,83,84,85,86,87,88,89,90,91,92,93,94,95,96,97,98,99,100,101,102,103,104,105,106,107,108,109,110,111,112,113,114,115,116,117,118,119,120,121,122,123,124,125,126,127,128,129,130,131,132,133,134,135,136,137,138,139,140,141,142,143,144,145,146,147,148,149,150,151,152
1,1,1,1,1,1,1,1,1,1,1,1,1,1,1,1,1,1,1,1,1,1,1,1,1,1,1,1,1,1,1,1,1,1,1,1,1,1,1,1,1,1,1,1,1,1,1,1,1,1,1,1,1,1,1,1,1,1,1,1,1,1,1,1,1,1,1,1,1,1,1,1,1,1,1,1,1,1,1,1,1,1,1,1,1,1,1,1,1,1,1,1,1,1,1,1,1,1,1,1,1,1,1,1,1,1,1,1,1,1,1,1,1,1,1,1,1,1,1,1,1,1,1,1,1,1,1,1,1,1,1,1,1,1,1,1,1,1,1,1,1,1,1,1,1,1,1,1,1,1,1
Job durations
2,3,4,5,6,7,8,9,10,11,12,13,14,15,16,17,18,19,20,21,22,23,24,25,26,27,28,29,30,31,32,33,34,35,36,37,38,39,40,41,42,43,44,45,46,47,48,49,50,51,52,53,54,55,56,57,58,59,60,61,62,63,64,65,66,67,68,69,70,71,72,73,74,75,76,77,78,79,80,81,82,83,84,85,86,87,88,89,90,91,92,93,94,95,96,97,98,99,100,101,102,103,104,105,106,107,108,109,110,111,112,113,114,115,116,117,118,119,120,121,122,123,124,125,126,127,128,129,130,131,132,133,134,135,136,137,138,139,140,141,142,143,144,145,146,147,148,149,150,151,152
0
2
0
5
0
4
0
6
0
4
0
2
0
6
0
3
0
2
0
5
0
6
0
6
0
2
0
6
0
2
0
6
0
2
0
3
0
4
0
5
0
6
0
4
0
3
0
5
0
6
0
4
0
2
0
3
0
4
0
6
0
3
0
5
0
2
0
6
0
6
0
4
0
2
0
4
0
6
0
4
0
4
0
4
0
2
0
6
0
2
0
2
0
4
0
5
0
5
0
6
0
3
0
6
0
6
0
5
0
2
0
6
0
3
0
2
0
6
0
4
0
6
0
5
0
2
0
3
0
2
0
6
0
6
0
2
0
4
0
6
0
5
0
3
0
2
0
4
0
2
0
2
0
5
0
4
0
5
0
5
0
4
0
4
0
6
0
5
0
4
0
3
0
3
0
2
0
4
0
6
0
4
0
4
0
5
0
3
0
5
0
3
0
5
0
5
0
3
0
4
0
5
0
6
0
2
0
4
0
5
0
5
0
5
0
4
0
4
0
2
0
4
0
2
0
6
0
3
0
3
0
6
0
4
0
4
0
2
0
2
0
2
0
4
0
3
0
2
0
3
0
6
0
5
0
4
0
6
0
6
0
5
0
3
0
2
0
3
0
5
0
4
0
2
0
5
0
2
0
3
0
5
0
5
0
5
0
4
0
2
0
4
0
5
0
5
0
3
0
6
0
2
Number of start jobs per project
0,1,2,3,4,5,6,7
5,3,9,9,5,3,6,11
Number of finish jobs per project
0,1,2,3,4,5,6,7
8,4,4,8,9,1,3,4
Edges: amount (total and per project) then pairs
241
31,19,42,38,40,13,19,39
0,2
0,3
0,4
0,5
0,6
14,1
15,1
16,1
17,1
18,1
19,1
20,1
21,1
2,7
2,8
8,9
5,10
10,11
5,12
9,13
10,14
10,15
2,16
6,17
4,18
11,19
3,20
4,21
7,16
12,19
13,14
0,22
0,23
0,24
30,1
31,1
32,1
33,1
23,25
24,26
24,27
24,28
22,29
26,30
24,31
23,32
28,33
25,33
27,29
29,33
0,34
0,35
0,36
0,37
0,38
0,39
0,40
0,41
0,42
57,1
58,1
59,1
60,1
40,43
37,44
34,45
34,46
44,47
44,48
48,49
35,50
44,51
41,52
50,53
47,54
48,55
37,56
34,57
55,58
54,59
49,60
36,46
38,56
39,47
42,45
43,59
45,50
46,52
51,60
52,57
53,55
56,59
0,61
0,62
0,63
0,64
0,65
0,66
0,67
0,68
0,69
77,1
78,1
79,1
80,1
81,1
82,1
83,1
84,1
65,70
64,71
64,72
68,73
63,74
67,75
72,76
76,77
62,78
68,79
66,80
69,81
63,82
64,83
65,84
61,70
70,79
71,72
73,77
74,83
75,81
0,85
0,86
0,87
0,88
0,89
101,1
102,1
103,1
104,1
105,1
106,1
107,1
108,1
109,1
87,90
85,91
88,92
89,93
86,94
91,95
87,96
90,97
89,98
85,99
87,100
91,101
85,102
87,103
97,104
88,105
86,106
95,107
90,108
99,109
92,93
93,98
94,101
96,98
98,101
100,105
0,110
0,111
0,112
116,1
111,113
111,114
113,115
112,116
110,116
114,116
115,116
114,115
112,115
0,117
0,118
0,119
0,120
0,121
0,122
126,1
127,1
128,1
117,123
117,124
123,125
118,126
121,127
122,128
119,125
120,123
124,127
125,128
0,129
0,130
0,131
0,132
0,133
0,134
0,135
0,136
0,137
0,138
0,139
149,1
150,1
151,1
152,1
139,140
138,141
141,142
133,143
139,144
140,145
140,146
144,147
131,148
148,149
132,150
132,151
131,152
129,140
130,147
134,142
135,148
136,151
137,149
142,152
143,145
145,150
146,150
147,152
Precedences for each job
0,2,3,4,5,6,7,8,9,10,11,12,13,14,15,16,17,18,19,20,21,22,23,24,25,26,27,28,29,30,31,32,33,34,35,36,37,38,39,40,41,42,43,44,45,46,47,48,49,50,51,52,53,54,55,56,57,58,59,60,61,62,63,64,65,66,67,68,69,70,71,72,73,74,75,76,77,78,79,80,81,82,83,84,85,86,87,88,89,90,91,92,93,94,95,96,97,98,99,100,101,102,103,104,105,106,107,108,109,110,111,112,113,114,115,116,117,118,119,120,121,122,123,124,125,126,127,128,129,130,131,132,133,134,135,136,137,138,139,140,141,142,143,144,145,146,147,148,149,150,151,152,1

0
0
0
0
0
2,0
2,0
8,2,0
5,0
10,5,0
5,0
9,8,2,0
10,13,5,0,9,8,2
10,5,0
2,7,0
6,0
4,0
11,12,10,5,0
3,0
4,0
0
0
0
23,0
24,0
24,0
24,0
22,27,0,24
26,24,0
24,0
23,0
28,25,29,24,0,23,22,27
0
0
0
0
0
0
0
0
0
40,0
37,0
34,42,0
34,36,0
44,39,37,0
44,37,0
48,44,37,0
35,45,0,34,42
44,37,0
41,46,0,34,36
50,35,45,0,34,42
47,44,39,37,0
48,53,44,37,0,50,35,45,34,42
37,38,0
34,52,0,41,46,36
55,48,53,44,37,0,50,35,45,34,42
54,43,56,47,44,39,37,0,40,38
49,51,48,44,37,0
0
0
0
0
0
0
0
0
0
65,61,0
64,0
64,71,0
68,0
63,0
67,0
72,64,71,0
76,73,72,64,71,0,68
62,0
68,70,0,65,61
66,0
69,75,0,67
63,0
64,74,0,63
65,0
0
0
0
0
0
87,0
85,0
88,0
89,92,0,88
86,0
91,85,0
87,0
90,87,0
89,93,96,0,92,88,87
85,0
87,0
91,94,98,85,0,86,89,93,96,92,88,87
85,0
87,0
97,90,87,0
88,100,0,87
86,0
95,91,85,0
90,87,0
99,85,0
0
0
0
111,0
111,0
113,114,112,111,0
112,110,114,115,0,111,113
0
0
0
0
0
0
117,120,0
117,0
123,119,117,120,0
118,0
121,124,0,117
122,125,0,123,119,117,120
0
0
0
0
0
0
0
0
0
0
0
139,129,0
138,0
141,134,138,0
133,0
139,0
140,143,139,129,0,133
140,139,129,0
144,130,139,0
131,135,0
148,137,131,135,0
132,145,146,0,140,143,139,129,133
132,136,0
131,142,147,0,141,134,138,144,130,139
14,15,16,17,18,19,20,21,30,31,32,33,57,58,59,60,77,78,79,80,81,82,83,84,101,102,103,104,105,106,107,108,109,116,126,127,128,149,150,151,152,10,13,5,0,9,8,2,7,6,4,11,12,3,26,24,23,28,25,29,22,27,34,52,41,46,36,55,48,53,44,37,50,35,45,42,54,43,56,47,39,40,38,49,51,76,73,72,64,71,68,62,70,65,61,66,69,75,67,63,74,91,94,98,85,86,89,93,96,92,88,87,97,90,100,95,99,112,110,114,115,111,113,118,121,124,117,122,125,123,119,120,148,137,131,135,132,145,146,140,143,139,129,133,136,142,147,141,134,138,144,130
len(job mode resource) and amount demanded for each resource
302
2,0,0
2,0,1
3,0,0
3,0,1
4,0,0
4,0,1
5,0,0
5,0,1
6,0,0
6,0,1
7,0,0
7,0,1
8,0,0
8,0,1
9,0,0
9,0,1
10,0,0
10,0,1
11,0,0
11,0,1
12,0,0
12,0,1
13,0,0
13,0,1
14,0,0
14,0,1
15,0,0
15,0,1
16,0,0
16,0,1
17,0,0
17,0,1
18,0,0
18,0,1
19,0,0
19,0,1
20,0,0
20,0,1
21,0,0
21,0,1
22,0,0
22,0,1
23,0,0
23,0,1
24,0,0
24,0,1
25,0,0
25,0,1
26,0,0
26,0,1
27,0,0
27,0,1
28,0,0
28,0,1
29,0,0
29,0,1
30,0,0
30,0,1
31,0,0
31,0,1
32,0,0
32,0,1
33,0,0
33,0,1
34,0,0
34,0,1
35,0,0
35,0,1
36,0,0
36,0,1
37,0,0
37,0,1
38,0,0
38,0,1
39,0,0
39,0,1
40,0,0
40,0,1
41,0,0
41,0,1
42,0,0
42,0,1
43,0,0
43,0,1
44,0,0
44,0,1
45,0,0
45,0,1
46,0,0
46,0,1
47,0,0
47,0,1
48,0,0
48,0,1
49,0,0
49,0,1
50,0,0
50,0,1
51,0,0
51,0,1
52,0,0
52,0,1
53,0,0
53,0,1
54,0,0
54,0,1
55,0,0
55,0,1
56,0,0
56,0,1
57,0,0
57,0,1
58,0,0
58,0,1
59,0,0
59,0,1
60,0,0
60,0,1
61,0,0
61,0,1
62,0,0
62,0,1
63,0,0
63,0,1
64,0,0
64,0,1
65,0,0
65,0,1
66,0,0
66,0,1
67,0,0
67,0,1
68,0,0
68,0,1
69,0,0
69,0,1
70,0,0
70,0,1
71,0,0
71,0,1
72,0,0
72,0,1
73,0,0
73,0,1
74,0,0
74,0,1
75,0,0
75,0,1
76,0,0
76,0,1
77,0,0
77,0,1
78,0,0
78,0,1
79,0,0
79,0,1
80,0,0
80,0,1
81,0,0
81,0,1
82,0,0
82,0,1
83,0,0
83,0,1
84,0,0
84,0,1
85,0,0
85,0,1
86,0,0
86,0,1
87,0,0
87,0,1
88,0,0
88,0,1
89,0,0
89,0,1
90,0,0
90,0,1
91,0,0
91,0,1
92,0,0
92,0,1
93,0,0
93,0,1
94,0,0
94,0,1
95,0,0
95,0,1
96,0,0
96,0,1
97,0,0
97,0,1
98,0,0
98,0,1
99,0,0
99,0,1
100,0,0
100,0,1
101,0,0
101,0,1
102,0,0
102,0,1
103,0,0
103,0,1
104,0,0
104,0,1
105,0,0
105,0,1
106,0,0
106,0,1
107,0,0
107,0,1
108,0,0
108,0,1
109,0,0
109,0,1
110,0,0
110,0,1
111,0,0
111,0,1
112,0,0
112,0,1
113,0,0
113,0,1
114,0,0
114,0,1
115,0,0
115,0,1
116,0,0
116,0,1
117,0,0
117,0,1
118,0,0
118,0,1
119,0,0
119,0,1
120,0,0
120,0,1
121,0,0
121,0,1
122,0,0
122,0,1
123,0,0
123,0,1
124,0,0
124,0,1
125,0,0
125,0,1
126,0,0
126,0,1
127,0,0
127,0,1
128,0,0
128,0,1
129,0,0
129,0,1
130,0,0
130,0,1
131,0,0
131,0,1
132,0,0
132,0,1
133,0,0
133,0,1
134,0,0
134,0,1
135,0,0
135,0,1
136,0,0
136,0,1
137,0,0
137,0,1
138,0,0
138,0,1
139,0,0
139,0,1
140,0,0
140,0,1
141,0,0
141,0,1
142,0,0
142,0,1
143,0,0
143,0,1
144,0,0
144,0,1
145,0,0
145,0,1
146,0,0
146,0,1
147,0,0
147,0,1
148,0,0
148,0,1
149,0,0
149,0,1
150,0,0
150,0,1
151,0,0
151,0,1
152,0,0
152,0,1
6,1,6,1,7,1,9,1,9,1,9,1,9,1,10,1,6,1,10,1,1,1,6,1,0,1,0,1,5,1,9,1,8,1,4,1,4,1,0,1,2,1,6,1,5,1,9,1,10,1,9,1,5,1,9,1,5,1,9,1,1,1,6,1,10,1,6,1,7,1,2,1,9,1,3,1,5,1,1,1,8,1,8,1,9,1,3,1,7,1,1,1,6,1,6,1,4,1,9,1,6,1,10,1,5,1,2,1,1,1,5,1,7,1,9,1,6,1,3,1,10,1,3,1,9,1,3,1,9,1,8,1,6,1,9,1,3,1,1,1,10,1,5,1,8,1,6,1,8,1,10,1,0,1,0,1,9,1,8,1,4,1,5,1,10,1,10,1,5,1,3,1,9,1,8,1,10,1,2,1,9,1,7,1,9,1,9,1,3,1,10,1,3,1,7,1,7,1,5,1,3,1,10,1,0,1,2,1,0,1,0,1,0,1,7,1,2,1,6,1,7,1,2,1,4,1,2,1,3,1,7,1,9,1,8,1,6,1,2,1,8,1,2,1,9,1,3,1,1,1,5,1,10,1,3,1,2,1,3,1,6,1,1,1,8,1,10,1,7,1,10,1,4,1,8,1,2,1,3,1,7,1,1,1,4,1,8,1,5,1,7,1,5,1,9,1,1,1,0,1,0,1
len(resource time) and amount avail per time period per resource
66
0,0
0,1
1,0
1,1
2,0
2,1
3,0
3,1
4,0
4,1
5,0
5,1
6,0
6,1
7,0
7,1
8,0
8,1
9,0
9,1
10,0
10,1
11,0
11,1
12,0
12,1
13,0
13,1
14,0
14,1
15,0
15,1
16,0
16,1
17,0
17,1
18,0
18,1
19,0
19,1
20,0
20,1
21,0
21,1
22,0
22,1
23,0
23,1
24,0
24,1
25,0
25,1
26,0
26,1
27,0
27,1
28,0
28,1
29,0
29,1
30,0
30,1
31,0
31,1
32,0
32,1
12,45,12,45,12,45,12,45,12,45,12,45,12,45,12,45,12,45,12,45,12,45,12,45,12,45,12,45,12,45,12,45,12,45,12,45,12,45,12,45,12,45,12,45,12,45,12,45,12,45,12,45,12,45,12,45,12,45,12,45,12,45,12,45,12,45
len(job node) and how much does this job cover this node
1180
3,0
3,1
3,2
3,3
3,4
3,5
3,6
3,7
3,8
3,9
3,10
3,11
3,12
3,13
3,14
3,15
3,16
3,17
3,18
3,19
12,0
12,1
12,2
12,3
12,4
12,5
12,6
12,7
12,8
12,9
12,10
12,11
12,12
12,13
12,14
12,15
12,16
12,17
12,18
12,19
14,0
14,1
14,2
14,3
14,4
14,5
14,6
14,7
14,8
14,9
14,10
14,11
14,12
14,13
14,14
14,15
14,16
14,17
14,18
14,19
15,0
15,1
15,2
15,3
15,4
15,5
15,6
15,7
15,8
15,9
15,10
15,11
15,12
15,13
15,14
15,15
15,16
15,17
15,18
15,19
16,0
16,1
16,2
16,3
16,4
16,5
16,6
16,7
16,8
16,9
16,10
16,11
16,12
16,13
16,14
16,15
16,16
16,17
16,18
16,19
17,0
17,1
17,2
17,3
17,4
17,5
17,6
17,7
17,8
17,9
17,10
17,11
17,12
17,13
17,14
17,15
17,16
17,17
17,18
17,19
18,0
18,1
18,2
18,3
18,4
18,5
18,6
18,7
18,8
18,9
18,10
18,11
18,12
18,13
18,14
18,15
18,16
18,17
18,18
18,19
19,0
19,1
19,2
19,3
19,4
19,5
19,6
19,7
19,8
19,9
19,10
19,11
19,12
19,13
19,14
19,15
19,16
19,17
19,18
19,19
20,0
20,1
20,2
20,3
20,4
20,5
20,6
20,7
20,8
20,9
20,10
20,11
20,12
20,13
20,14
20,15
20,16
20,17
20,18
20,19
21,0
21,1
21,2
21,3
21,4
21,5
21,6
21,7
21,8
21,9
21,10
21,11
21,12
21,13
21,14
21,15
21,16
21,17
21,18
21,19
27,0
27,1
27,2
27,3
27,4
27,5
27,6
27,7
27,8
27,9
27,10
27,11
27,12
27,13
27,14
27,15
27,16
27,17
27,18
27,19
30,0
30,1
30,2
30,3
30,4
30,5
30,6
30,7
30,8
30,9
30,10
30,11
30,12
30,13
30,14
30,15
30,16
30,17
30,18
30,19
31,0
31,1
31,2
31,3
31,4
31,5
31,6
31,7
31,8
31,9
31,10
31,11
31,12
31,13
31,14
31,15
31,16
31,17
31,18
31,19
32,0
32,1
32,2
32,3
32,4
32,5
32,6
32,7
32,8
32,9
32,10
32,11
32,12
32,13
32,14
32,15
32,16
32,17
32,18
32,19
33,0
33,1
33,2
33,3
33,4
33,5
33,6
33,7
33,8
33,9
33,10
33,11
33,12
33,13
33,14
33,15
33,16
33,17
33,18
33,19
36,0
36,1
36,2
36,3
36,4
36,5
36,6
36,7
36,8
36,9
36,10
36,11
36,12
36,13
36,14
36,15
36,16
36,17
36,18
36,19
38,0
38,1
38,2
38,3
38,4
38,5
38,6
38,7
38,8
38,9
38,10
38,11
38,12
38,13
38,14
38,15
38,16
38,17
38,18
38,19
45,0
45,1
45,2
45,3
45,4
45,5
45,6
45,7
45,8
45,9
45,10
45,11
45,12
45,13
45,14
45,15
45,16
45,17
45,18
45,19
49,0
49,1
49,2
49,3
49,4
49,5
49,6
49,7
49,8
49,9
49,10
49,11
49,12
49,13
49,14
49,15
49,16
49,17
49,18
49,19
50,0
50,1
50,2
50,3
50,4
50,5
50,6
50,7
50,8
50,9
50,10
50,11
50,12
50,13
50,14
50,15
50,16
50,17
50,18
50,19
52,0
52,1
52,2
52,3
52,4
52,5
52,6
52,7
52,8
52,9
52,10
52,11
52,12
52,13
52,14
52,15
52,16
52,17
52,18
52,19
57,0
57,1
57,2
57,3
57,4
57,5
57,6
57,7
57,8
57,9
57,10
57,11
57,12
57,13
57,14
57,15
57,16
57,17
57,18
57,19
58,0
58,1
58,2
58,3
58,4
58,5
58,6
58,7
58,8
58,9
58,10
58,11
58,12
58,13
58,14
58,15
58,16
58,17
58,18
58,19
59,0
59,1
59,2
59,3
59,4
59,5
59,6
59,7
59,8
59,9
59,10
59,11
59,12
59,13
59,14
59,15
59,16
59,17
59,18
59,19
60,0
60,1
60,2
60,3
60,4
60,5
60,6
60,7
60,8
60,9
60,10
60,11
60,12
60,13
60,14
60,15
60,16
60,17
60,18
60,19
64,0
64,1
64,2
64,3
64,4
64,5
64,6
64,7
64,8
64,9
64,10
64,11
64,12
64,13
64,14
64,15
64,16
64,17
64,18
64,19
77,0
77,1
77,2
77,3
77,4
77,5
77,6
77,7
77,8
77,9
77,10
77,11
77,12
77,13
77,14
77,15
77,16
77,17
77,18
77,19
78,0
78,1
78,2
78,3
78,4
78,5
78,6
78,7
78,8
78,9
78,10
78,11
78,12
78,13
78,14
78,15
78,16
78,17
78,18
78,19
79,0
79,1
79,2
79,3
79,4
79,5
79,6
79,7
79,8
79,9
79,10
79,11
79,12
79,13
79,14
79,15
79,16
79,17
79,18
79,19
80,0
80,1
80,2
80,3
80,4
80,5
80,6
80,7
80,8
80,9
80,10
80,11
80,12
80,13
80,14
80,15
80,16
80,17
80,18
80,19
81,0
81,1
81,2
81,3
81,4
81,5
81,6
81,7
81,8
81,9
81,10
81,11
81,12
81,13
81,14
81,15
81,16
81,17
81,18
81,19
82,0
82,1
82,2
82,3
82,4
82,5
82,6
82,7
82,8
82,9
82,10
82,11
82,12
82,13
82,14
82,15
82,16
82,17
82,18
82,19
83,0
83,1
83,2
83,3
83,4
83,5
83,6
83,7
83,8
83,9
83,10
83,11
83,12
83,13
83,14
83,15
83,16
83,17
83,18
83,19
84,0
84,1
84,2
84,3
84,4
84,5
84,6
84,7
84,8
84,9
84,10
84,11
84,12
84,13
84,14
84,15
84,16
84,17
84,18
84,19
86,0
86,1
86,2
86,3
86,4
86,5
86,6
86,7
86,8
86,9
86,10
86,11
86,12
86,13
86,14
86,15
86,16
86,17
86,18
86,19
88,0
88,1
88,2
88,3
88,4
88,5
88,6
88,7
88,8
88,9
88,10
88,11
88,12
88,13
88,14
88,15
88,16
88,17
88,18
88,19
96,0
96,1
96,2
96,3
96,4
96,5
96,6
96,7
96,8
96,9
96,10
96,11
96,12
96,13
96,14
96,15
96,16
96,17
96,18
96,19
100,0
100,1
100,2
100,3
100,4
100,5
100,6
100,7
100,8
100,9
100,10
100,11
100,12
100,13
100,14
100,15
100,16
100,17
100,18
100,19
101,0
101,1
101,2
101,3
101,4
101,5
101,6
101,7
101,8
101,9
101,10
101,11
101,12
101,13
101,14
101,15
101,16
101,17
101,18
101,19
102,0
102,1
102,2
102,3
102,4
102,5
102,6
102,7
102,8
102,9
102,10
102,11
102,12
102,13
102,14
102,15
102,16
102,17
102,18
102,19
103,0
103,1
103,2
103,3
103,4
103,5
103,6
103,7
103,8
103,9
103,10
103,11
103,12
103,13
103,14
103,15
103,16
103,17
103,18
103,19
104,0
104,1
104,2
104,3
104,4
104,5
104,6
104,7
104,8
104,9
104,10
104,11
104,12
104,13
104,14
104,15
104,16
104,17
104,18
104,19
105,0
105,1
105,2
105,3
105,4
105,5
105,6
105,7
105,8
105,9
105,10
105,11
105,12
105,13
105,14
105,15
105,16
105,17
105,18
105,19
106,0
106,1
106,2
106,3
106,4
106,5
106,6
106,7
106,8
106,9
106,10
106,11
106,12
106,13
106,14
106,15
106,16
106,17
106,18
106,19
107,0
107,1
107,2
107,3
107,4
107,5
107,6
107,7
107,8
107,9
107,10
107,11
107,12
107,13
107,14
107,15
107,16
107,17
107,18
107,19
108,0
108,1
108,2
108,3
108,4
108,5
108,6
108,7
108,8
108,9
108,10
108,11
108,12
108,13
108,14
108,15
108,16
108,17
108,18
108,19
109,0
109,1
109,2
109,3
109,4
109,5
109,6
109,7
109,8
109,9
109,10
109,11
109,12
109,13
109,14
109,15
109,16
109,17
109,18
109,19
116,0
116,1
116,2
116,3
116,4
116,5
116,6
116,7
116,8
116,9
116,10
116,11
116,12
116,13
116,14
116,15
116,16
116,17
116,18
116,19
124,0
124,1
124,2
124,3
124,4
124,5
124,6
124,7
124,8
124,9
124,10
124,11
124,12
124,13
124,14
124,15
124,16
124,17
124,18
124,19
126,0
126,1
126,2
126,3
126,4
126,5
126,6
126,7
126,8
126,9
126,10
126,11
126,12
126,13
126,14
126,15
126,16
126,17
126,18
126,19
127,0
127,1
127,2
127,3
127,4
127,5
127,6
127,7
127,8
127,9
127,10
127,11
127,12
127,13
127,14
127,15
127,16
127,17
127,18
127,19
128,0
128,1
128,2
128,3
128,4
128,5
128,6
128,7
128,8
128,9
128,10
128,11
128,12
128,13
128,14
128,15
128,16
128,17
128,18
128,19
132,0
132,1
132,2
132,3
132,4
132,5
132,6
132,7
132,8
132,9
132,10
132,11
132,12
132,13
132,14
132,15
132,16
132,17
132,18
132,19
139,0
139,1
139,2
139,3
139,4
139,5
139,6
139,7
139,8
139,9
139,10
139,11
139,12
139,13
139,14
139,15
139,16
139,17
139,18
139,19
145,0
145,1
145,2
145,3
145,4
145,5
145,6
145,7
145,8
145,9
145,10
145,11
145,12
145,13
145,14
145,15
145,16
145,17
145,18
145,19
149,0
149,1
149,2
149,3
149,4
149,5
149,6
149,7
149,8
149,9
149,10
149,11
149,12
149,13
149,14
149,15
149,16
149,17
149,18
149,19
150,0
150,1
150,2
150,3
150,4
150,5
150,6
150,7
150,8
150,9
150,10
150,11
150,12
150,13
150,14
150,15
150,16
150,17
150,18
150,19
151,0
151,1
151,2
151,3
151,4
151,5
151,6
151,7
151,8
151,9
151,10
151,11
151,12
151,13
151,14
151,15
151,16
151,17
151,18
151,19
152,0
152,1
152,2
152,3
152,4
152,5
152,6
152,7
152,8
152,9
152,10
152,11
152,12
152,13
152,14
152,15
152,16
152,17
152,18
152,19
0.5438837096916521,0,0,0,0,0,0,0,0,0,0.4841655570371579,0,0,0,0,0,0,0,0,0,0,0,0,0,0,0,0,0,0,0,0,0,0,0,0,0,0,0,0.9646986164040441,0,0,0,0,0,0,0,0,0,0,0,0,0,0,0,0.5347842444602838,0.46609753144112215,0,0,0,0,0,0,0.44257099846438375,0,0,0,0.3880719474356959,0,0,0,0,0,0,0,0,0,0,0,0.32789838702965757,0,0,0,0,0,0,0.3993885889278536,0.5111278775448499,0,0,0,0,0,0,0,0,0,0,0,0.39149674876838075,0,0,0,0,0,0,0,0,0,0,0,0,0,0,0,0,0,0.42819966888680233,0,0,0.8115141759001903,0,0,0,0,0,0,0,0,0,0,0,0,0,0,0,0,0,0,0,1.590132794324845,0,0,0,0,0,0,0,0,0,0,0,0,0,0.39837107933922555,0,0.584227225991741,0,0,0,0,0,0,0,0,0,0.3085212911821803,0,0,0,0,0,0,0,0.4262813168541787,0,0,0,0,0,0,0,0,0,0,0,0,0,0,0,0,0,0.43546869485736234,0.46154481874648373,0,0,0,0,0,0,0,0,0,0,0.5846140538061354,0,0,0,0,0,0,0,0,0,0,0,0,0,0.3289214926121848,0,0,0,0,0,0,0,0,0.44720371561325667,0,0,0.519333994475336,0,0,0,0.42539000539704985,0,0,0,0,0,0,0,0,0,0,0,0,0,0,0,0.3709561791592024,0,0,0,0.36554429544206485,0,0,0,0.268787659762287,0,0,0,0,0,0,0,0,0,0,0,0,0,0,0,0.33605156373304196,0.24961902832236435,0,0,0,0.38469098556271936,0,0,0,0,0,0,0,0,0,0,0.5233416909029711,0,0.9493445152362658,0,0,0,0,0,0,0,0,0,0,0,0,0,0,0,0,0,0,0.5171821768107367,0,0,0,0,0,0,0,0.7596788485750303,0,0,0,0,0,0,0,0,0,0,0,0,0,0,0,0,1.2106837873980827,0,0,0,0,0,0,0,0.9637219038326758,0,0,0,0,0,0,0,0,0,0,0,0,0,0,0,0,0,0,0,0,0,0,0.35964531289313667,0,0,0,0.6058608491950578,0,0,0,0,0,0,0,0,0,0,0.7919425406857707,0,0,0,0,0,0,0,0,0,0,0,0,0,0,0,0,0,0,0,0,0,0,0,0,0,0,0,1.6299167835081987,0,0,0,0,0,0,0,0,0,0,0,0,0,0,0.3036355722001603,0,0,0,0,0,0,0,0,0.2822425313545101,0,0,0,0,0.5073651576928153,0,0,0,0.9646201152281036,0,0,0,0,0,0,0,0,0,0,0,0,0,1.0387632839117718,0,0,0,0,0,0,0,0,0.35750565068040424,0.6275191368159933,0,0,0,0,0,0,0,0,0,0,0.5266324925065736,0,0,0.6307644358936715,0,0.39092575921822587,0,0,0,0,0,0,0,0.4996648839895572,0,0,0,0,0,0,0,0,0,0,0,0,0.28358148776200043,0,0,0,0,0.3032323696905917,0,0,0,0,0,0.2901800264177099,0,0,0,0,0,0,0,0,0,0,0,0,0.5577449246703964,0,0,0.5017643279826334,0,0,0,0.5004630608446657,0,0,0,0,0,0,0.39256157669299635,0,0,0.24564047307774414,0,0,0.45133350008478024,0,0,0,0,0,0,0,0,0,0,0,0,0,0,0,0,0,0,0.8061395316884694,0,0,0,0,0,0,0,0,0,0,0,0,0,0,0,0,0.6563516586221776,0,0,0,0,0,0,0,0,0,0,0,0,0,0,0.6167156527116637,0,0,0.48268070885733483,0,0,0.36673784922577474,0,0,0,0,0,0,0,0,0,0,0,0.30064582309018,0,0,0,0,0.49551828199128617,0,0,0,0,0.3110338596085507,0,0,0,0,0,0,0,0,0,0,0.30100568238746495,0,0,0,0,0,0,0,0,0.39528788432185297,0,0,0,0,0,0.19763137235200356,0,0,0.33421521539486915,0,0,0,0,0,0,0.7970981167052942,0,0,0,0,0,0,0,0,0,0,0,0,0,0,0,0.7957737739817042,0,0,0,0,0,0,0,0,0,0,0,0.5854974426392621,0,0,0,0,0,0,0,0,0.7095300078696948,0,0,0,0,0,0.6195519350694774,0,0,0,0,0,0,0,0,0,0,0.7791931126974024,0,0,0,0,0,0,0,0.5068589925595449,0,0,0.19303887202860184,0,0,0,0,0,0,0,0.1723417067649552,0,0,0,0,0,0,0,0.9396616668456453,0,0,0,0,0,0,0,0,0,0,0,0,0,0,0,0,0,0,0,0,0,0,0,0,0,0,0.7800216947048003,0.5685436231790675,0,0,0,0,0,0.6990389362692633,0,0,0,0,0.3480420907877457,0,0,0,0,0,0,0,0.2674612674549056,0,0,0,0,0.4785109262001377,0,0,0,0,0,0,0,0,0,0,0,0,0,0,0,0,0,0,0,0.9016429964656979,0,0.8549205216666587,0,0,0,0,0,0,0,0,0,0,0,0,0,0.19108698145302183,0,0.31470756377717146,0,0,0,0.5241882538913237,0,0,0,0,0,0.5377226217885317,0,0,0,0,0.30194696844506735,0,0,0,0.20820459965423235,0,0,0,0,0,0,0,0,0,0,0,0,0,0,0.5124925533315465,0,0,0.3223474309405329,0,0,0.4398823826913794,0,0,0,0,0,0,0,0.49047842475124886,0,0,0,0,0,0,0,0,0,0,0,0,0,0.48307333965160315,0,0,0,0,0,0,0,0,0.2754381011966477,0,0,0,0.44184596568600615,0,0,0,0,0,0,0,0.3027561623884943,0,0,0,0,0,0,0,0,0,0,0,0,0,0,0,0,0.536709242099251,0.7729473313731973,0,0,0,0,0,0,0,0,0.3223756768841245,0,0,0,0,0,0.5516405622648959,0,0,0,0,0,0,0,0.4067095259338806,0,0,0,0.23950099993186072,0,0,0,0,0,0,0,0,0.32238961837184976,0,0,0.5120002750582139,0,0,0,0,0,0,0,0,0,0,0,0,0,0,0,0,0,0.20963926823507284,0,0,0,0.44888838079941934,0,0,0.2382226824276641,0,0,0,0,0,0,0,0,0.7791844470332548,0,0,0,0,0,0,0,0.7573343598181833,0,0,0,0,0,0,0,0,0,0.4880804054874809,0,0.5714964429910523,0,0,0,0,0,0,0,0,0,0,0,0,0,0,0,0,0,0,0.34175708792798304,0.6816874296331168,0,0,0,0,0,0,0,0,0,0,0,0,0,0,0.4938890963792887,0,0,0,0,0,0,0,0,0,0,0,0,0,0,0,0,0.5542550668941094,0.4585913688639415,0,0,0,0,0,0,0,0,0,0,0,0,0,0,0.6109709329450771,0,0,0,0,0,0.4220018970746282,0,0,0,0.5219762748121055,0,0,0,0,0,0.5023611932644598,0,0,0,0,0,0,0,0,0,0,0.27854687567702324,0,0,0,0,0,0,0,0,0,0,0,0,0.41835195822041354,0,0,0.4565538404795256,0,0,0,0,0.36873642679324764,0,0,0.3926857829332016,0,0.27793423454560634,0,0,0,0,0,0,0,0,0,0,0,0,0.40358912207541525,0,0,0,0.3676443068206456,0,0.2982047479233519,0,0,0,0,0,0,0,0,0,0,0,0
"nodes, coords x,y for each node"
0,1,2,3,4,5,6,7,8,9,10,11,12,13,14,15,16,17,18,19
0.0,0.5,1.0,1.633239514449265
0.0,0.871244786315592,1.4483873012961976,1.4483873012961976
0.0,0.5,1.0,1.5,2.0,3.718273552060541
0.0,0.9411447051708253,1.762637463230078,2.0318595994014994,2.1041813819609363,2.1041813819609363
0.0,0.5,1.0,1.5,3.715693052460065
0.0,0.8276436167890395,1.2420699259954946,1.5414029048272424,1.5414029048272424
0.0,0.5,1.0,1.5,4.656765496334539
0.0,0.19951832309890882,0.24625585563193123,0.27526576173196216,0.27526576173196216
0.0,0.5,1.0,1.5,1.698310988259872
0.0,0.5042682000633496,0.5042682000633496,0.5042682000633496,0.5042682000633496
0.0,0.5,1.0,1.5,3.0626684529801476
0.0,0.705241370279326,1.310960178774104,1.636617745096118,1.636617745096118
0.0,0.5,1.0,1.5,4.580472136782991
0.0,0.7984887922636859,0.9342857738373269,1.0167356440614368,1.0167356440614368
0.0,0.5,1.0,1.5,2.0,4.045182917696101
0.0,0.472491116856566,0.8963137432261938,1.3094870091971496,1.5986482166521556,1.5986482166521556
0.0,0.5,1.0,1.3249595383672716
0.0,0.26709093430662934,0.26709093430662934,0.26709093430662934
0.0,0.5,1.0,1.5,2.0,3.595189210310604
0.0,0.8834998762993048,0.8834998762993048,0.8834998762993048,0.8834998762993048,0.8834998762993048
0.0,0.5,1.0,1.5,2.0,4.8863552491264945
0.0,0.4977863694072343,0.8920741410873492,1.2086487440049214,1.3257252583776866,1.3257252583776866
0.0,0.5,1.0,1.5,2.8564442762252504
0.0,0.015073075574000283,0.015073075574000283,0.015073075574000283,0.015073075574000283
0.0,0.5,0.8673807907527196
0.0,0.5964729638011929,0.5964729638011929
0.0,0.5,1.0,4.037180255746087
0.0,0.25503933724474204,0.34594452166646716,0.34594452166646716
0.0,0.5,1.0,1.5,2.0,2.347993691418221
0.0,0.573167129697786,0.8470149272838852,1.0548296921376437,1.1292991097739802,1.1292991097739802
0.0,0.5,1.0,1.5,6.8663383610913025
0.0,0.16365832950032555,0.20557833224338062,0.22935521529873187,0.22935521529873187
0.0,0.5,1.0,2.8495580509746508
0.0,0.46487529450859266,0.47124608072173724,0.47124608072173724
0.0,0.5,1.0,1.5,2.0,3.910204565029636
0.0,0.5283090912751224,0.8369005768855388,1.0124982218482552,1.120559823660554,1.120559823660554
0.0,0.5,1.0,1.5,5.4430946936332045
0.0,0.8623417666100928,0.8623417666100928,0.8623417666100928,0.8623417666100928
0.0,0.5,1.0,1.5,2.0,3.665432044988839
0.0,0.31863560120913037,0.4400621097988116,0.4412586813271348,0.4418879599553463,0.4418879599553463
